Source,Target,Type,Id,Label,timeset,Weight,type,affiltype,regultype varchar
350,GP,Undirected,636,,,2,false,ScienceData,Informal
350,SC,Undirected,637,,,1,false,ScienceData,Informal
350,NRDC,Undirected,638,,,2,false,ScienceData,Informal
350,FOE,Undirected,639,,,2,false,ScienceData,Informal
444S,AFC,Undirected,640,,,2,false,Funder,FormalMOU
ANC,ACC,Undirected,641,,,2,false,Other,FormalMOU
ARC,DOY,Undirected,642,,,1,false,ScienceData,Informal
ANCom,AVCP,Undirected,643,,,1,false,GovernanceLegal,FormalMOU
ANCom,Cal,Undirected,644,,,1,false,GovernanceLegal,FormalMOU
ACE,TFA,Undirected,645,,,2,false,Multiple,Informal
AYEA,OCT,Undirected,646,,,2,false,GovernanceLegal,Informal
ACC,NANA,Undirected,647,,,1,false,Other,FormalMOU
ACC,BP,Undirected,648,,,2,false,Funder,Informal
ACC,CP,Undirected,649,,,2,false,Funder,Informal
ACC,Exx,Undirected,650,,,2,false,Funder,Informal
ACAN,CAN,Undirected,652,,,2,false,ScienceData,Informal
ACAN,SEACC,Undirected,653,,,2,false,ScienceData,Informal
ACSC,LCCN,Undirected,654,,,2,false,ScienceData,Informal
ACSC,NL,Undirected,655,,,2,false,ScienceData,Informal
ACSC,UAA,Undirected,656,,,1,false,ScienceData,Informal
ACSC,UAF,Undirected,657,,,1,false,ScienceData,Informal
ACSC,UAS,Undirected,658,,,1,false,ScienceData,Informal
ACSC,USDA,Undirected,659,,,1,false,ScienceData,Informal
ACSC,NPS,Undirected,660,,,1,false,ScienceData,Informal
ACSC,USFWS,Undirected,661,,,1,false,ScienceData,Informal
ACSC,ADFG,Undirected,662,,,1,false,ScienceData,Informal
ACSC,BLM,Undirected,663,,,1,false,ScienceData,Informal
ACSC,BOEM,Undirected,664,,,1,false,ScienceData,Informal
ACSC,NOAA,Undirected,665,,,1,false,ScienceData,Informal
ACSC,USGS,Undirected,666,,,1,false,ScienceData,Informal
ACRC,USDA-FSL,Undirected,667,,,2,false,ScienceData,Informal
ACRC,UAS,Undirected,668,,,2,false,ScienceData,Informal
ACRC,SNAP,Undirected,669,,,1,false,ScienceData,Informal
ACRC,UAF,Undirected,671,,,1,false,ScienceData,Informal
ACRC,USFWS,Undirected,672,,,1,false,ScienceData,Informal
ACRC,CBJ,Undirected,673,,,1,false,ScienceData,Informal
ACF,AFC,Undirected,674,,,2,false,Funder,FormalMOU
ACF,OAK,Undirected,675,,,1,false,Funder,FormalMOU
DCCED,NVN,Undirected,676,,,2,false,Multiple,FormalMOU
DEC,ACCER,Undirected,677,,,1,false,ScienceData,Informal
DEC,NVN,Undirected,678,,,1,false,Multiple,FormalMOU
ADFG,NSBor,Undirected,679,,,1,false,Multiple,FormalMOU
ADHSS,LCCN,Undirected,680,,,2,false,ScienceData,Informal
ADNR,LCCN,Undirected,681,,,2,false,ScienceData,Informal
AEWC,ICC,Undirected,682,,,2,false,Multiple,FormalMOU
AMHT,ICHS,Undirected,683,,,2,false,ScienceData,Informal
ANTHC,AFN,Undirected,684,,,1,false,Multiple,Informal
ASLC,UAS,Undirected,685,,,1,false,ScienceData,Informal
ASLC,Shell,Undirected,686,,,2,false,Funder,Informal
ASLC,USGS,Undirected,687,,,1,false,ScienceData,Informal
ASLC,NPS,Undirected,688,,,1,false,ScienceData,Informal
ASLC,NPFMC,Undirected,689,,,1,false,ScienceData,Informal
ASLC,UAF,Undirected,690,,,1,false,ScienceData,Informal
AWA,ANGO,Undirected,691,,,1,false,GovernanceLegal,Informal
AWA,TFA,Undirected,692,,,2,false,Multiple,Informal
AWL,ANGO,Undirected,693,,,1,false,GovernanceLegal,Informal
AWL,CAN,Undirected,694,,,2,false,ScienceData,Informal
ALE,AIA,Undirected,695,,,2,false,GovernanceLegal,Informal
AIA,ICC,Undirected,697,,,1,false,GovernanceLegal,Informal
AIA,AC,Undirected,698,,,2,false,Multiple,FormalMOU
APIA,AIA,Undirected,699,,,1,false,GovernanceLegal,Informal
AWI,ANet,Undirected,700,,,2,false,ScienceData,Informal
AV,TCC,Undirected,701,,,1,false,GovernanceLegal,FormalMOU
AV,DOY,Undirected,702,,,1,false,GovernanceLegal,FormalMOU
NVN,AVCP,Undirected,703,,,1,false,GovernanceLegal,FormalMOU
AN,ANGO,Undirected,704,,,1,false,Multiple,FormalMOU
APS,ARCUS,Undirected,705,,,1,false,ScienceData,Informal
APS,NSIDC,Undirected,706,,,1,false,ScienceData,Informal
AAE,ArcIns,Undirected,708,,,2,false,ScienceData,Informal
AAC,AC,Undirected,709,,,2,false,Multiple,FormalMOU
AAC,GCI,Undirected,710,,,2,false,Multiple,Informal
AAC,ICC,Undirected,711,,,1,false,GovernanceLegal,
AB,ArcIns,Undirected,712,,,2,false,ScienceData,Informal
PNWER,IN,Undirected,713,,,1,false,ScienceData,FormalMOU
AC,ICC,Undirected,714,,,2,false,Multiple,FormalMOU
AC,GCI,Undirected,716,,,2,false,Multiple,FormalMOU
AC,SC,Undirected,718,,,2,false,GovernanceLegal,FormalMOU
AC,RAIPON,Undirected,719,,,2,false,GovernanceLegal,FormalMOU
AC,IN,Undirected,720,,,1,false,Multiple,FormalMOU
AC,ICCI,Undirected,721,,,2,false,ScienceData,Informal
AC,SAON,Undirected,722,,,2,false,ScienceData,Informal
AC,NF,Undirected,723,,,2,false,Multiple,Informal
AFC,OAK,Undirected,726,,,1,false,Funder,FormalMOU
AFC,Moore,Undirected,727,,,1,false,Funder,FormalMOU
AFC,PEW,Undirected,728,,,1,false,Funder,FormalMOU
AFC,TMU,Undirected,729,,,2,false,ScienceData,Informal
AFC,CAM,Undirected,730,,,2,false,Funder,FormalMOU
AFC,WIL,Undirected,731,,,2,false,ScienceData,Informal
ArcIns,HNC,Undirected,732,,,2,false,ScienceData,Informal
ArcIns,SOI,Undirected,733,,,2,false,ScienceData,Informal
ArcIns,KMI,Undirected,736,,,2,false,ScienceData,Informal
AINA,AC,Undirected,737,,,1,false,Multiple,FormalMOU
AMATII,IN,Undirected,738,,,1,false,ScienceData,Informal
AMATII,Shell,Undirected,739,,,2,false,Funder,Informal
AMATII,UAF,Undirected,740,,,1,false,ScienceData,Informal
ANet,ICC,Undirected,741,,,1,false,Multiple,Informal
ANet,UAF,Undirected,743,,,1,false,ScienceData,Informal
ANet,UAA,Undirected,744,,,1,false,ScienceData,Informal
ANet,NPS,Undirected,745,,,1,false,ScienceData,Informal
ANet,SAI,Undirected,746,,,1,false,ScienceData,Informal
ANet,PEW,Undirected,747,,,1,false,Multiple,Informal
ANet,WWF,Undirected,748,,,1,false,ScienceData,Informal
ARCUS,SEARCH,Undirected,749,,,1,false,ScienceData,Informal
ARCUS,DC,Undirected,750,,,1,false,ScienceData,Informal
ARCUS,USARC,Undirected,751,,,1,false,ScienceData,Informal
ARCUS,UIC,Undirected,752,,,1,false,Multiple,Informal
ARCUS,UAA,Undirected,753,,,1,false,ScienceData,Informal
ARCUS,UAF,Undirected,754,,,1,false,ScienceData,Informal
ARCUS,WHOI,Undirected,755,,,1,false,ScienceData,Informal
ARCUS,WI,Undirected,756,,,1,false,ScienceData,Informal
ASNA,ASRC,Undirected,757,,,2,false,GovernanceLegal,FormalMOU
ASNA,ICC,Undirected,758,,,2,false,Multiple,FormalMOU
ASNA,ICAS,Undirected,759,,,2,false,Multiple,FormalMOU
ASRC,UIC,Undirected,761,,,1,false,GovernanceLegal,FormalMOU
ASRC,ICAS,Undirected,762,,,2,false,Multiple,FormalMOU
ASRC,VOAI,Undirected,763,,,2,false,GovernanceLegal,FormalMOU
AH,SAON,Undirected,764,,,1,false,ScienceData,FormalMOU
AH,IARPC,Undirected,765,,,2,false,ScienceData,FormalMOU
Arctic-HYDRA,UAF,Undirected,767,,,1,false,ScienceData,Informal
ACUNS,Yukon College,Undirected,768,,,1,false,ScienceData,Informal
APECS,CLiC,Undirected,769,,,1,false,ScienceData,Informal
APECS,AMAP,Undirected,770,,,1,false,ScienceData,Informal
APECS,CAFF,Undirected,771,,,1,false,ScienceData,Informal
APECS,UArctic,Undirected,772,,,1,false,ScienceData,Informal
APECS,ANet,Undirected,773,,,1,false,ScienceData,Informal
Aud,Pack,Undirected,775,,,2,false,Multiple,Informal
BF,ANGO,Undirected,776,,,1,false,ScienceData,Informal
BFor,NSF,Undirected,777,,,1,false,Funder,Informal
BSEG,KW,Undirected,778,,,2,false,Multiple,FormalMOU
BSEG,MQ,Undirected,779,,,1,false,Multiple,FormalMOU
BSEG,AVCP,Undirected,780,,,1,false,Multiple,FormalMOU
BSEG,ICC,Undirected,781,,,1,false,Multiple,FormalMOU
BSFA,NANA,Undirected,782,,,1,false,Multiple,Informal
BSMN,IN,Undirected,783,,,2,false,ScienceData,Informal
BBNA,BBNC,Undirected,786,,,1,false,GovernanceLegal,FormalMOU
BSNC,KW,Undirected,787,,,2,false,Multiple,FormalMOU
Cal,AVCP,Undirected,788,,,1,false,GovernanceLegal,FormalMOU
CNNRO,Environ CC Canada,Undirected,790,,,1,false,ScienceData,Informal
CEIP,NASA,Undirected,791,,,1,false,Multiple,Informal
CBD,WWF,Undirected,792,,,2,false,ScienceData,Informal
CCTHITA,AFN,Undirected,793,,,1,false,GovernanceLegal,FormalMOU
CNVil,AVCP,Undirected,795,,,1,false,Multiple,FormalMOU
CNVil,Cal,Undirected,796,,,1,false,Multiple,FormalMOU
CEC,KW,Undirected,797,,,1,false,Multiple,FormalMOU
CEC,BSNC,Undirected,798,,,1,false,Multiple,FormalMOU
Chu,NVEy,Undirected,799,,,1,false,Multiple,FormalMOU
CHG,Chu,Undirected,800,,,1,false,Multiple,FormalMOU
CCU,ANGO,Undirected,801,,,1,false,ScienceData,FormalMOU
CBJ,ICLEI,Undirected,802,,,1,false,Multiple,FormalMOU
Sitka,ICLEI,Undirected,803,,,1,false,Multiple,FormalMOU
Homer,ICLEI,Undirected,804,,,1,false,Multiple,FormalMOU
CAN,350,Undirected,805,,,1,false,ScienceData,Informal
CAN,EJ,Undirected,807,,,1,false,ScienceData,Informal
CAN,FOE,Undirected,808,,,2,false,ScienceData,Informal
CAN,GP,Undirected,809,,,1,false,ScienceData,Informal
CAN,NRDC,Undirected,810,,,2,false,ScienceData,Informal
CAN,PEW,Undirected,811,,,1,false,ScienceData,Informal
CAN,SC,Undirected,812,,,1,false,ScienceData,Informal
CAN,NC,Undirected,813,,,2,false,ScienceData,Informal
CAN,TEPC,Undirected,814,,,1,false,ScienceData,Informal
CAN,UCS,Undirected,815,,,2,false,ScienceData,Informal
CAN,WHOI,Undirected,816,,,1,false,ScienceData,Informal
CAN,WWF,Undirected,817,,,2,false,ScienceData,Informal
CLiC,NOAA,Undirected,819,,,1,false,ScienceData,Informal
CLiC,NASA,Undirected,820,,,1,false,ScienceData,Informal
CPRPPS,AWI,Undirected,821,,,1,false,ScienceData,Informal
CP,IN,Undirected,823,,,2,false,ScienceData,Informal
CITC,CIRI,Undirected,824,,,1,false,Multiple,FormalMOU
CIK,EJ,Undirected,825,,,2,false,Multiple,Informal
CIK,REAP,Undirected,826,,,2,false,ScienceData,Informal
CIK,TFA,Undirected,827,,,2,false,Multiple,Informal
CRNA,ICHS,Undirected,828,,,2,false,ScienceData,Informal
CATG,BLM,Undirected,829,,,1,false,Multiple,Informal
CATG,USFWS,Undirected,830,,,1,false,Multiple,Informal
CATG,TCC,Undirected,831,,,1,false,Multiple,FormalMOU
CTC,BBNC,Undirected,832,,,1,false,Multiple,FormalMOU
CTC,BBNA,Undirected,833,,,1,false,Multiple,FormalMOU
DC,USCOE,Undirected,834,,,1,false,Multiple,Informal
DC,AVCP,Undirected,835,,,1,false,Multiple,Informal
DC,KW,Undirected,836,,,1,false,Multiple,Informal
DC,DOY,Undirected,837,,,1,false,Multiple,Informal
DOWL,NVN,Undirected,840,,,2,false,Multiple,FormalMOU
Doy,TCC,Undirected,841,,,1,false,Multiple,FormalMOU
EJ,SEACC,Undirected,843,,,2,false,Multiple,Informal
EV,AVCP,Undirected,844,,,1,false,Multiple,FormalMOU
EV,Cal,Undirected,845,,,1,false,,FormalMOU
EDF,LCCN,Undirected,846,,,2,false,ScienceData,Informal
FOE,ANGO,Undirected,851,,,1,false,ScienceData,FormalMOU
FE,WCRP,Undirected,852,,,2,false,ScienceData,Informal
FE,WMO,Undirected,853,,,1,false,ScienceData,Informal
GeoIns,ADNR,Undirected,854,,,1,false,ScienceData,Informal
GeoIns,EPSCOR,Undirected,855,,,1,false,ScienceData,Informal
GeoIns,IARC,Undirected,856,,,2,false,ScienceData,Informal
GeoIns,USGS,Undirected,857,,,1,false,ScienceData,Informal
GeoIns,INE-UAF,Undirected,858,,,2,false,ScienceData,Informal
GeoIns,UAF,Undirected,859,,,1,false,ScienceData,FormalMOU
GP,WWF,Undirected,861,,,2,false,ScienceData,Informal
GCI,ICC,Undirected,864,,,1,false,Multiple,Informal
GCI,DOY,Undirected,865,,,1,false,Multiple,Informal
GCI,TCC,Undirected,866,,,1,false,Multiple,Informal
H&K,UIC,Undirected,868,,,1,false,Multiple,FormalMOU
HUDImminent,BIA,Undirected,869,,,1,false,Multiple,FormalMOU
HUDNative House,BIA,Undirected,870,,,1,false,Multiple,FormalMOU
HUV,TCC,Undirected,871,,,1,false,Multiple,FormalMOU
HUV,DOY,Undirected,872,,,1,false,Multiple,FormalMOU
HV,TCC,Undirected,873,,,1,false,Multiple,FormalMOU
HV,DOY,Undirected,874,,,1,false,Multiple,FormalMOU
IPCoMM,NOAA,Undirected,875,,,1,false,Multiple,FormalMOU
IPCoMM,USFWS,Undirected,876,,,1,false,Multiple,FormalMOU
IPCoMM,NSBor,Undirected,877,,,1,false,Multiple,FormalMOU
IPCoMM,MQ,Undirected,878,,,1,false,Multiple,FormalMOU
IPCoMM,ICC,Undirected,879,,,1,false,Multiple,FormalMOU
IPCoMM,EWC,Undirected,880,,,1,false,Multiple,FormalMOU
IPCoMM,AEWC,Undirected,881,,,2,false,Multiple,FormalMOU
IPCoMM,CCTHITA,Undirected,882,,,1,false,Multiple,FormalMOU
IPCoMM,AVCP,Undirected,883,,,1,false,Multiple,FormalMOU
IPCoMM,NAN,Undirected,885,,,1,false,Multiple,FormalMOU
IWPK,SEACC,Undirected,886,,,1,false,ScienceData,Informal
ICHS,UAA,Undirected,887,,,1,false,ScienceData,Informal
ICHS,ADHSS,Undirected,888,,,1,false,ScienceData,Informal
ICHS,ANTHC,Undirected,890,,,1,false,ScienceData,Informal
ICHS,CATG,Undirected,892,,,1,false,ScienceData,Informal
ICHS,KANA,Undirected,893,,,2,false,Multiple,Informal
ICHS,MQ,Undirected,894,,,1,false,ScienceData,Informal
IAB,UAF,Undirected,895,,,1,false,ScienceData,Informal
INE-UAF,UAF,Undirected,897,,,1,false,ScienceData,Informal
IN,Shell,Undirected,899,,,2,false,Funder,Informal
IN,UAF,Undirected,900,,,1,false,ScienceData,Informal
IN,NANA,Undirected,901,,,1,false,ScienceData,Informal
IN,BSNC,Undirected,902,,,1,false,ScienceData,Informal
IN,ACSC,Undirected,904,,,1,false,ScienceData,Informal
IN,BBNC,Undirected,905,,,1,false,ScienceData,Informal
IN,USARC,Undirected,906,,,1,false,ScienceData,Informal
IN,OCE,Undirected,907,,,1,false,ScienceData,Informal
IN,AOOS,Undirected,908,,,1,false,ScienceData,Informal
IN,KW,Undirected,909,,,1,false,ScienceData,Informal
IN,NPS,Undirected,910,,,1,false,ScienceData,Informal
IACT,UAF,Undirected,911,,,1,false,ScienceData,Informal
IARPC,DC,Undirected,912,,,1,false,ScienceData,FormalMOU
IARPC,USDA,Undirected,913,,,1,false,ScienceData,FormalMOU
IARPC,DOC,Undirected,914,,,1,false,ScienceData,FormalMOU
IARPC,DOD,Undirected,915,,,1,false,ScienceData,FormalMOU
IARPC,DOE,Undirected,917,,,1,false,ScienceData,FormalMOU
IARPC,DHHS,Undirected,918,,,1,false,ScienceData,FormalMOU
IARPC,DHS,Undirected,919,,,1,false,ScienceData,FormalMOU
IARPC,DOJ,Undirected,920,,,1,false,ScienceData,FormalMOU
IARPC,DOL,Undirected,921,,,1,false,ScienceData,FormalMOU
IARPC,DOS,Undirected,922,,,1,false,ScienceData,FormalMOU
IARPC,DOI,Undirected,923,,,1,false,ScienceData,FormalMOU
IARPC,DOT,Undirected,924,,,1,false,ScienceData,FormalMOU
IARPC,EPA,Undirected,925,,,1,false,ScienceData,FormalMOU
IARPC,NSF,Undirected,926,,,1,false,ScienceData,FormalMOU
IARPC,NASA,Undirected,927,,,1,false,ScienceData,FormalMOU
IARPC,USARC,Undirected,928,,,1,false,ScienceData,FormalMOU
IARC,ACCAP,Undirected,931,,,1,false,ScienceData,Informal
IARC,ACSC,Undirected,932,,,1,false,ScienceData,Informal
IARC,CIFAR,Undirected,933,,,1,false,ScienceData,Informal
IARC,NOAA,Undirected,934,,,1,false,ScienceData,Informal
ICCI,WWF,Undirected,936,,,1,false,ScienceData,Informal
IPF,ANGO,Undirected,937,,,1,false,ScienceData,FormalMOU
IUCN,NC,Undirected,938,,,1,false,ScienceData,FormalMOU
IUCN,PEW,Undirected,939,,,1,false,Multiple,FormalMOU
IUCN,WWF,Undirected,940,,,2,false,ScienceData,Informal
ICC,ASRC,Undirected,943,,,1,false,Multiple,FormalMOU
ICC,KW,Undirected,944,,,2,false,Multiple,FormalMOU
ICC,MQ,Undirected,945,,,2,false,Multiple,FormalMOU
ICC,NANA,Undirected,946,,,1,false,Multiple,FormalMOU
ICC,OAK,Undirected,948,,,1,false,Multiple,FormalMOU
ICC,ICAS,Undirected,949,,,2,false,Multiple,FormalMOU
ICC,NSF,Undirected,951,,,2,false,Multiple,FormalMOU
ICAS,VOAI,Undirected,955,,,1,false,Multiple,FormalMOU
ICAS,UIC,Undirected,957,,,1,false,Multiple,FormalMOU
Kon,ANC,Undirected,962,,,1,false,Multiple,Informal
KMI,UArctic,Undirected,964,,,1,false,ScienceData,FormalMOU
KNV,TCC,Undirected,965,,,1,false,Multiple,FormalMOU
KNV,DOY,Undirected,966,,,1,false,Multiple,FormalMOU
LCCN,NL,Undirected,967,,,2,false,ScienceData,Informal
LCCN,NPS,Undirected,968,,,1,false,ScienceData,Informal
LCCN,NSF,Undirected,969,,,2,false,Multiple,Informal
LCCN,NMFS,Undirected,971,,,1,false,ScienceData,Informal
LCCN,TCC,Undirected,972,,,1,false,ScienceData,Informal
LCCN,USFS,Undirected,973,,,1,false,ScienceData,Informal
LCCN,USDA,Undirected,974,,,1,false,ScienceData,Informal
NSIDC,NASA,Undirected,975,,,1,false,NSF,undirected
LCCN,USFWS,Undirected,976,,,1,false,ScienceData,Informal
LCCN,UAA,Undirected,977,,,2,false,ScienceData,Informal
LCCN,UAF,Undirected,978,,,1,false,ScienceData,Informal
LCCN,WWF,Undirected,979,,,1,false,ScienceData,Informal
LCCN,ADEC,Undirected,982,,,1,false,ScienceData,Informal
LCCN,ADFG,Undirected,983,,,1,false,ScienceData,Informal
LCCN,ANTHC,Undirected,986,,,1,false,ScienceData,Informal
LCCN,AOOS,Undirected,987,,,1,false,ScienceData,Informal
LCCN,ASLC,Undirected,988,,,1,false,ScienceData,Informal
LCCN,APIA,Undirected,989,,,1,false,ScienceData,Informal
LCCN,AVCP,Undirected,990,,,1,false,ScienceData,Informal
LCCN,BBNA,Undirected,991,,,1,false,ScienceData,Informal
LCCN,BLM,Undirected,992,,,1,false,ScienceData,Informal
LCCN,BIA,Undirected,993,,,1,false,ScienceData,Informal
LCCN,CCTHITA,Undirected,994,,,1,false,ScienceData,Informal
LCCN,CATG,Undirected,995,,,1,false,ScienceData,Informal
LCCN,EPA,Undirected,997,,,1,false,ScienceData,Informal
LCCN,KW,Undirected,998,,,1,false,ScienceData,Informal
LCCN,NOAA,Undirected,999,,,1,false,ScienceData,Informal
LVil,AVCP,Undirected,1000,,,1,false,Multiple,FormalMOU
LVil,Cal,Undirected,1001,,,1,false,Multiple,FormalMOU
MQ,NANA,Undirected,1003,,,2,false,Multiple,FormalMOU
MCA,BSFA,Undirected,1005,,,1,false,ScienceData,Informal
McNV,DOY,Undirected,1006,,,1,false,Multiple,FormalMOU
McNV,TCC,Undirected,1007,,,1,false,Multiple,FormalMOU
Moore,Aud,Undirected,1008,,,1,false,Funder,Informal
MOA,AML,Undirected,1009,,,1,false,GovernanceLegal,FormalMOU
NAS,UAF,Undirected,1011,,,1,false,ScienceData,Informal
NAS,NOAA,Undirected,1012,,,1,false,ScienceData,Informal
NAS,WHOI,Undirected,1013,,,1,false,ScienceData,Informal
NASA,ICHS,Undirected,1014,,,1,false,ScienceData,Informal
NOAA,NVN,Undirected,1015,,,1,false,Multiple,FormalMOU
NSF,KW,Undirected,1018,,,1,false,Multiple,FormalMOU
NAS,USGS,Undirected,1019,,,1,false,ScienceData,Informal
NVBar,ASNA,Undirected,1020,,,1,false,Multiple,FormalMOU
NVBar,ICC,Undirected,1021,,,1,false,Multiple,FormalMOU
NVBar,VOAI,Undirected,1022,,,1,false,Multiple,FormalMOU
NVBar,ASRC,Undirected,1023,,,1,false,Multiple,FormalMOU
NVBar,ICAS,Undirected,1024,,,1,false,Multiple,FormalMOU
NVD,NANA,Undirected,1025,,,1,false,Multiple,FormalMOU
NVD,MQ,Undirected,1026,,,1,false,Multiple,FormalMOU
NVEy,CHG,Undirected,1027,,,1,false,Multiple,FormalMOU
NVEy,CHU,Undirected,1028,,,1,false,Multiple,FormalMOU
NVK,NANA,Undirected,1029,,,1,false,Multiple,FormalMOU
NVK,MQ,Undirected,1030,,,1,false,Multiple,FormalMOU
NVK,USCOE,Undirected,1031,,,1,false,Multiple,FormalMOU
NVK,TDW,Undirected,1032,,,2,false,Multiple,FormalMOU
NVKw,AVCP,Undirected,1033,,,1,false,Multiple,FormalMOU
NVKw,Cal,Undirected,1034,,,1,false,Multiple,FormalMOU
NVNap,AVCP,Undirected,1035,,,1,false,Multiple,FormalMOU
NVNap,Cal,Undirected,1036,,,1,false,Multiple,FormalMOU
NVN,Cal,Undirected,1037,,,1,false,Multiple,FormalMOU
NVN,DC,Undirected,1038,,,1,false,Multiple,FormalMOU
NVN,ANTHC,Undirected,1040,,,1,false,Multiple,FormalMOU
NVN,BIA,Undirected,1041,,,1,false,Multiple,FormalMOU
NVN,FEMA,Undirected,1043,,,2,false,Multiple,FormalMOU
NVNup,AVCP,Undirected,1044,,,1,false,Multiple,FormalMOU
NVNup,Cal,Undirected,1045,,,1,false,Multiple,FormalMOU
NVPH,BBNA,Undirected,1046,,,1,false,Multiple,FormalMOU
NVPH,BBNC,Undirected,1047,,,1,false,Multiple,FormalMOU
NVSel,NANA,Undirected,1048,,,1,false,Multiple,FormalMOU
NVSel,MQ,Undirected,1049,,,1,false,Multiple,FormalMOU
NVSIC,KW,Undirected,1050,,,1,false,Multiple,FormalMOU
NVSIC,BSNC,Undirected,1051,,,1,false,Multiple,FormalMOU
NVS,KW,Undirected,1052,,,1,false,Multiple,FormalMOU
NVS,BSNC,Undirected,1053,,,1,false,Multiple,FormalMOU
NVST,KW,Undirected,1054,,,1,false,Multiple,FormalMOU
NVST,BSNC,Undirected,1055,,,1,false,Multiple,FormalMOU
NVU,KW,Undirected,1056,,,1,false,Multiple,FormalMOU
NVU,BSNC,Undirected,1057,,,1,false,Multiple,FormalMOU
NPRB,BOEM,Undirected,1062,,,1,false,ScienceData,FormalMOU
NPRB,Shell,Undirected,1063,,,2,false,Funder,Informal
NPRB,UAF,Undirected,1064,,,1,false,ScienceData,Informal
NPRB,NOAA,Undirected,1065,,,1,false,ScienceData,FormalMOU
NPRB,USARC,Undirected,1066,,,1,false,ScienceData,Informal
NSBor,AML,Undirected,1067,,,1,false,GovernanceLegal,FormalMOU
NSG,USFWS,Undirected,1068,,,1,false,ScienceData,Informal
NSG,USDOI,Undirected,1069,,,1,false,ScienceData,Informal
NSG,USDOT,Undirected,1070,,,1,false,ScienceData,Informal
NSG,FAA,Undirected,1071,,,1,false,ScienceData,Informal
NAEC,AYEA,Undirected,1072,,,1,false,Multiple,FormalMOU
NF,IN,Undirected,1073,,,1,false,Multiple,Informal
NF,UA,Undirected,1075,,,1,false,ScienceData,Informal
NV,TCC,Undirected,1078,,,1,false,Multiple,FormalMOU
NV,DOY,Undirected,1079,,,1,false,Multiple,FormalMOU
OAK,KW,Undirected,1080,,,1,false,Funder,Informal
OC,Coca Cola,Undirected,1081,,,1,false,Funder,Informal
OCE,ICC,Undirected,1082,,,1,false,Multiple,Informal
OCE,KW,Undirected,1083,,,1,false,Multiple,FormalMOU
PE,BBNA,Undirected,1086,,,1,false,Multiple,Informal
PE,EJ,Undirected,1087,,,1,false,Multiple,Informal
PE,FOE,Undirected,1088,,,1,false,Multiple,Informal
PE,CAA,Undirected,1089,,,1,false,Multiple,Informal
PE,ICC,Undirected,1090,,,1,false,Multiple,Informal
PE,IUCN,Undirected,1091,,,1,false,Multiple,FormalMOU
PE,KW,Undirected,1092,,,1,false,Multiple,Informal
PE,WWF,Undirected,1093,,,1,false,Multiple,Informal
PRISM,NPS,Undirected,1095,,,1,false,ScienceData,Informal
PEW,KW,Undirected,1096,,,1,false,Multiple,FormalMOU
PKC,AC,Undirected,1097,,,1,false,ScienceData,Informal
PKC,USCG,Undirected,1098,,,1,false,ScienceData,Informal
PLI,UArctic,Undirected,1099,,,2,false,ScienceData,FormalMOU
PLI,SAI,Undirected,1100,,,2,false,ScienceData,Informal
PLI,ACUL,Undirected,1101,,,1,false,GovernanceLegal,Informal
PWSSC,UAA,Undirected,1102,,,2,false,ScienceData,Informal
REAP,ANTHC,Undirected,1104,,,1,false,ScienceData,Informal
REAP,BSNC,Undirected,1105,,,1,false,ScienceData,Informal
REAP,CIRI,Undirected,1106,,,1,false,ScienceData,Informal
REAP,NANA,Undirected,1107,,,1,false,ScienceData,Informal
REAP,TCC,Undirected,1108,,,1,false,ScienceData,Informal
REAP,UAA,Undirected,1109,,,1,false,ScienceData,Informal
REAP,UAF,Undirected,1110,,,1,false,ScienceData,Informal
REAP,ACE,Undirected,1111,,,1,false,ScienceData,Informal
REAP,IN,Undirected,1113,,,1,false,ScienceData,Informal
REAP,NAEC,Undirected,1114,,,1,false,ScienceData,Informal
REAP,SC,Undirected,1115,,,1,false,ScienceData,Informal
RWB,SBB,Undirected,1116,,,1,false,ScienceData,Informal
RAIPON,ICC,Undirected,1117,,,1,false,GovernanceLegal,Informal
SC,ICC,Undirected,1119,,,1,false,GovernanceLegal,Informal
SC,UA,Undirected,1121,,,1,false,GovernanceLegal,FormalMOU
SNAP,UAF,Undirected,1122,,,1,false,ScienceData,FormalMOU
STAGS,BFor,Undirected,1123,,,1,false,ScienceData,Informal
SALMON,SSSC,Undirected,1124,,,2,false,ScienceData,Informal
SALMON,ASLC,Undirected,1125,,,1,false,ScienceData,Informal
SALMON,UAF,Undirected,1126,,,1,false,ScienceData,Informal
SALMON,NSF,Undirected,1127,,,1,false,Multiple,Informal
SALMON,NASA,Undirected,1128,,,1,false,ScienceData,Informal
Sea,CCTHITA,Undirected,1129,,,1,false,GovernanceLegal,FormalMOU
Shell,WI,Undirected,1131,,,2,false,ScienceData,Informal
SC,EJ,Undirected,1135,,,1,false,Multiple,Informal
SSSC,UAA,Undirected,1136,,,1,false,ScienceData,Informal
SSSC,AOOS,Undirected,1137,,,1,false,ScienceData,Informal
SSSC,Seagrant,Undirected,1138,,,1,false,ScienceData,Informal
SSSC,ASLC,Undirected,1139,,,1,false,ScienceData,Informal
SSSC,UAF,Undirected,1140,,,1,false,ScienceData,Informal
SSSC,Wells F,Undirected,1142,,,2,false,Funder,Informal
SmithIns,USGCRP,Undirected,1143,,,2,false,ScienceData,FormalMOU
SEACC,CAN,Undirected,1145,,,1,false,ScienceData,Informal
Stat,WWF,Undirected,1147,,,1,false,Funder,Informal
SAI,UA,Undirected,1148,,,1,false,ScienceData,Informal
SAI,ACUL,Undirected,1150,,,1,false,ScienceData,Informal
SEARCH,UAF,Undirected,1152,,,1,false,ScienceData,Informal
SEARCH,UAA,Undirected,1153,,,1,false,ScienceData,Informal
SEARCH,UAS,Undirected,1154,,,1,false,ScienceData,Informal
SAON,CLiC,Undirected,1155,,,1,false,ScienceData,Informal
SAON,NSF,Undirected,1157,,,1,false,ScienceData,Informal
TCC,AFN,Undirected,1158,,,1,false,GovernanceLegal,FormalMOU
TTC,KW,Undirected,1159,,,1,false,GovernanceLegal,FormalMOU
TTC,BSNC,Undirected,1160,,,1,false,GovernanceLegal,FormalMOU
TEPC,AFN,Undirected,1161,,,1,false,Multiple,Informal
TFA,AWL,Undirected,1164,,,1,false,Multiple,Informal
TFA,AVCP,Undirected,1165,,,1,false,Multiple,Informal
TFA,ICAS,Undirected,1166,,,1,false,Multiple,Informal
TFA,GP,Undirected,1167,,,1,false,Multiple,Informal
TFA,NRDC,Undirected,1168,,,1,false,Multiple,Informal
TFA,NAEC,Undirected,1169,,,1,false,Multiple,Informal
TFA,OCE,Undirected,1170,,,1,false,Multiple,Informal
TFA,SEACC,Undirected,1171,,,1,false,Multiple,Informal
USAID,USGCRP,Undirected,1174,,,2,false,ScienceData,FormalMOU
USDA,ICHS,Undirected,1175,,,1,false,ScienceData,Informal
DOC,ICHS,Undirected,1176,,,1,false,ScienceData,Informal
DOD,ICHS,Undirected,1177,,,1,false,ScienceData,Informal
DOE,ICHS,Undirected,1178,,,1,false,ScienceData,Informal
DHHS,ICHS,Undirected,1179,,,1,false,ScienceData,Informal
DOS,ICHS,Undirected,1180,,,1,false,ScienceData,Informal
DOT,ICHS,Undirected,1181,,,1,false,,Informal
USGCRP,USDA,Undirected,1182,,,1,false,ScienceData,FormalMOU
USGCRP,DOC,Undirected,1183,,,1,false,ScienceData,FormalMOU
USGCRP,DOD,Undirected,1184,,,1,false,ScienceData,FormalMOU
USGCRP,DOE,Undirected,1185,,,1,false,ScienceData,FormalMOU
USGCRP,DHHS,Undirected,1186,,,1,false,ScienceData,FormalMOU
USGCRP,DOI,Undirected,1187,,,1,false,ScienceData,FormalMOU
USGCRP,DOS,Undirected,1188,,,1,false,ScienceData,FormalMOU
USGCRP,DOT,Undirected,1189,,,1,false,ScienceData,FormalMOU
USGCRP,EPA,Undirected,1190,,,1,false,ScienceData,FormalMOU
USGCRP,NASA,Undirected,1191,,,1,false,ScienceData,FormalMOU
USGCRP,NSF,Undirected,1192,,,1,false,ScienceData,FormalMOU
UIC,VOAI,Undirected,1197,,,2,false,GovernanceLegal,FormalMOU
UArctic,AAC,Undirected,1199,,,1,false,ScienceData,FormalMOU
UArctic,UAA,Undirected,1200,,,1,false,ScienceData,FormalMOU
UArctic,UAF,Undirected,1201,,,1,false,ScienceData,FormalMOU
UArctic,ACUL,Undirected,1203,,,1,false,ScienceData,FormalMOU
UArctic,ARCUS,Undirected,1204,,,1,false,ScienceData,FormalMOU
SSSC,Silver B S,Undirected,1206,,,1,false,,
SSSC,JEDC,Undirected,1207,,,1,false,,
UArctic,DC,Undirected,1208,,,1,false,ScienceData,FormalMOU
UArctic,GCI,Undirected,1209,,,1,false,Multiple,FormalMOU
UArctic,IPF,Undirected,1210,,,1,false,ScienceData,FormalMOU
UArctic,IN,Undirected,1211,,,1,false,ScienceData,FormalMOU
UArctic,RAIPON,Undirected,1212,,,1,false,Multiple,FormalMOU
UArctic,SAI,Undirected,1213,,,1,false,ScienceData,FormalMOU
USCOE,DEC,Undirected,1214,,,1,false,ScienceData,FormalMOU
BLM,ACCER,Undirected,1215,,,1,false,ScienceData,FormalMOU
USCG,ACCER,Undirected,1216,,,1,false,ScienceData,FormalMOU
NRCS,ACCER,Undirected,1217,,,1,false,ScienceData,FormalMOU
NPS,ACCER,Undirected,1219,,,1,false,ScienceData,FormalMOU
BIAHouse,BIA,Undirected,1220,,,1,false,Multiple,FormalMOU
Roads,BIA,Undirected,1221,,,1,false,Multiple,FormalMOU
USDOTAirpt,ACCER,Undirected,1222,,,1,false,ScienceData,Informal
USFWS,ACCER,Undirected,1223,,,1,false,ScienceData,FormalMOU
USGS,ACCER,Undirected,1224,,,1,false,ScienceData,FormalMOU
USGS,Silver B S,Undirected,1225,,,1,false,Funder,Informal
USGS,JEDC,Undirected,1226,,,1,false,Funder,Informal
USDA-FSL,UAS,Undirected,1228,,,1,false,ScienceData,FormalMOU
USFSCLAB,ACRC,Undirected,1229,,,1,false,ScienceData,Informal
VCP,BBNC,Undirected,1230,,,1,false,GovernanceLegal,FormalMOU
VCP,BBNA,Undirected,1231,,,1,false,GovernanceLegal,FormalMOU
VA,AVCP,Undirected,1232,,,1,false,GovernanceLegal,FormalMOU
VA,Cal,Undirected,1233,,,1,false,GovernanceLegal,FormalMOU
VChef,AVCP,Undirected,1234,,,1,false,GovernanceLegal,FormalMOU
VChef,Cal,Undirected,1235,,,1,false,GovernanceLegal,FormalMOU
VK,AVCP,Undirected,1236,,,1,false,GovernanceLegal,FormalMOU
VK,Cal,Undirected,1237,,,1,false,GovernanceLegal,FormalMOU
VOAI,ASNA,Undirected,1238,,,1,false,GovernanceLegal,FormalMOU
WI,CAN,Undirected,1241,,,1,false,ScienceData,Informal
WI,WWF,Undirected,1242,,,1,false,ScienceData,Informal
WI,NC,Undirected,1244,,,1,false,ScienceData,Informal
WC,UAF,Undirected,1246,,,1,false,ScienceData,Informal
WHOI,NSF,Undirected,1247,,,1,false,ScienceData,Informal
WHOI,NOAA,Undirected,1248,,,1,false,ScienceData,Informal
WHOI,DOD,Undirected,1249,,,1,false,ScienceData,Informal
WHOI,NASA,Undirected,1250,,,1,false,ScienceData,Informal
WHOI,DOE,Undirected,1251,,,1,false,ScienceData,Informal
WHOI,EPA,Undirected,1252,,,1,false,ScienceData,Informal
WHOI,USCOE,Undirected,1253,,,1,false,ScienceData,Informal
WCRP,WMO,Undirected,1254,,,2,false,ScienceData,Informal
WCRP,IPCC,Undirected,1255,,,1,false,ScienceData,Informal
WCRP,UNEP,Undirected,1256,,,1,false,ScienceData,Informal
WCRP,UNFCCC,Undirected,1257,,,1,false,ScienceData,Informal
WCRP,GCOS,Undirected,1258,,,1,false,ScienceData,Informal
WMO,NOAA,Undirected,1261,,,1,false,ScienceData,Informal
WMO,IUCN,Undirected,1262,,,1,false,ScienceData,Informal
PNWRS,LCCC,Undirected,1267,,,1,false,ScienceData,Informal
DOW,USFWS,Undirected,1268,,,1,false,ScienceData,Informal
